{"Alpheratz, Sirrah":[-0.5731661263549379,1.9500563732532645],"Caph":[-0.05707226654021458,2.051110936943736],"Algenib":[-0.8147196948309531,1.909913800457395],"Ankaa":[-1.291194580625405,5.585402672232253],"Fulu":[-0.15550883635269477,2.108008670558751],"Schedar":[-0.10995574287564276,2.119178777771515],"Diphda":[-1.4081316405090252,1.9427259903948884],"Achird":[-0.08813912722571364,2.139773662945048],"Castula":[-0.06422811647339133,2.157226955464991],"MIRACH":[-0.47298422729046335,2.218313479284793],"Wurren":[-1.0770426814057008,5.198114111214712],"Revati":[-0.9578366934944881,2.313608456443683],"Adhil":[-0.29670597283903605,2.244144352214309],"Ruchbah":[-0.041015237421866746,2.2198842756115877],"Lodestar, North Star, Polaris":[0.4618141200776996,2.1516419018586097],"Alpherg":[-0.8103563717009672,2.391275608157431],"Titawin":[-0.3605850234620285,2.303834612632515],"Nembus":[-0.23614304779483278,2.2830651945337825],"Achernar":[-1.0260790672474662,5.0761155965003075],"Torcular":[-0.8976228343006837,2.523920631309],"Baten Kaitos":[-1.1876965559821413,2.8951521632081936],"Segin":[0.028797932657906436,2.2661355007894377],"Mothallah":[-0.5480333851262195,2.419724474964938],"Sheratan":[-0.69254664719135,2.4825563280367344],"Almach":[-0.32393310917014756,2.390402943531434],"Hamal":[-0.6318091892219474,2.523222499608202],"Mira, Mira A":[-1.0119419003063121,2.9277898202204877],"iot Cas AB":[0.10978120995044333,2.305929007734908],"Kaffaljidhma":[-0.8618435846347999,2.9482101724688214],"Lilii Borea":[-0.47298422729046335,2.6427775533698137],"Miram":[-0.05550147021341968,2.42845112122491],"Bharani":[-0.4993386989955777,2.6700046897009253],"Angetenar":[-1.0836749325632793,3.6093408931242736],"Azha":[-0.9653416092780637,3.266383695107388],"Gorgonea Secunda":[-0.2953097094374406,2.5837854246524055],"Menkar":[-0.7956956059842148,3.025004659556572],"Gorgonea Tertia":[-0.29688050576423547,2.611012560983517],"Algol, Algol A, Algol B, Algol C":[-0.26005405854715513,2.600191519621152],"Misam":[-0.19949113350295186,2.5677283955340577],"Gorgonea Quarta":[-0.27454029133870805,2.622008135271081],"Botein":[-0.5609488215909775,2.8379053637427796],"Dalim":[-1.0304423903774522,3.922627493857256],"Zibal":[-0.8955284391982905,3.343701780970737],"Mirfak":[-0.10227629416686772,2.5581290846480886],"Ran":[-0.8384561726580759,3.418401872956094],"Atik":[-0.30962140930379406,2.7988099884981072],"Rana":[-0.8028514559173916,3.4574972482007666],"Celaeno, Celeno":[-0.4141666314982544,2.8979446900113848],"Electra":[-0.4162610266006476,2.900388150964177],"Taygeta, Taygete":[-0.4106759729942658,2.896897492460188],"Maia":[-0.4103269071438669,2.9002136180389773],"Asterope":[-0.4077089132658754,2.898119222936584],"Merope":[-0.4145156973486533,2.9071949350469546],"MOAI 1":[0.12269664641520137,2.4687682269459787],"Alcyone":[-0.4092797095926703,2.908940264298949],"Atlas":[-0.4054399852382828,2.9148743837557296],"Pleione":[-0.4043927876870862,2.914001719129733],"Menkhib, Menkib":[-0.2288126649364566,2.7989845214233062],"Zaurak":[-0.7761479183618784,3.5807174933915666],"Beid":[-0.6700318998406232,3.4787902650750975],"Keid":[-0.6632251157578453,3.5032248746030183],"Prima Hyadum":[-0.4157374278250493,3.1255356244714454],"Secunda Hyadum":[-0.38414696836395196,3.106860601475106],"Beemim":[-0.7719591281570919,4.104490801915064],"Ain":[-0.34766958699727046,3.099704751541929],"Chamukuy":[-0.38414696836395196,3.1477013059717733],"Aldebaran":[-0.3534291735288517,3.158522347334138],"Theemin":[-0.7209955139988575,4.0318851050321],"Sceptrum":[-0.6263986685407649,3.688229775314417],"Tabit":[-0.4026474584350918,3.341432852943144],"Hassaleh":[-0.1075122819228507,2.9773571709771267],"Almaaz":[0.020594885173533087,2.841221489321569],"Saclateni":[-0.007504915783575617,2.880142331641043],"Mago":[0.2988003679414292,2.4804619329343414],"Haedus":[0.00471238898038469,2.8859019181726238],"Cursa":[-0.4417428336797648,3.5838590860451562],"Capella":[0.07976154681614087,2.837556297892381],"Rigel":[-0.4406956361285682,3.6519269268729353],"Bellatrix":[-0.27838001569309556,3.4370768959524334],"Elnath":[-0.06527531402458793,3.1065115356247075],"Nihal":[-0.47472955654245763,3.9018580757585233],"Mintaka":[-0.30962140930379406,3.5580282131156404],"Arneb":[-0.43877577395137446,3.856304982281471],"lambda Ori X-5":[-0.21450096507010308,3.41037335839692],"lambda Ori X-3":[-0.20943951023931956,3.40426470601494],"Hatysa":[-0.34173546754048967,3.6568138487785196],"Alnilam":[-0.3008947630438224,3.5815901580175638],"Tianguan":[-0.09843656981248018,3.2409018880282705],"Phact":[-0.5037020221255635,4.168020786687658],"Saiph":[-0.32288591161895097,3.743905778453036],"Wazn":[-0.47228609558966556,4.212352149688314],"Betelgeuse":[-0.15638150097869194,3.4869933125594708],"Gore's Nova":[-0.04345869837465881,3.2937853643636985],"Menkalinan":[0.1816887751326097,2.9227283653897045],"Mahasim":[0.11746065865921838,3.042807017926914],"Elkurud":[-0.42341687653382437,4.257556177314967],"Propus":[0.0439822971502571,3.2960542923912914],"Furud":[-0.3391174736624982,4.145506039336932],"Tejat":[0.07278022980816354,3.311238656883642],"Mirzam":[-0.24905848425959082,3.9454913070583815],"Canopus":[-0.4413937678293659,4.558974539134388],"23 H. Cam":[0.46094145545170245,2.349038640259168],"Alhena":[0.07766715171374766,3.4342843691492426],"Plaskett star, Plaskett's star":[-0.0054105206811824215,3.5931093310807265],"Mebsuta":[0.16807520696705394,3.308097064230052],"Alzirr":[0.07853981633974483,3.503573940453417],"Dog Star, Sirius, Sirius A":[-0.15498523757709648,3.9657371263815158],"Altaleban, Taleban":[-0.36407568196601714,4.540648581988449],"51 H. Cep":[0.48380526865282814,2.202954581867243],"Adhara":[-0.19774580425095753,4.185823145058],"Citala":[-0.008377580409572781,3.8173841399619977],"Unurgunite":[-0.17924531417981765,4.174303971994838],"Mekbuda":[0.20769418098732523,3.4164820107789002],"Muliphein":[-0.07696902001294993,3.983714017677057],"Wezen":[-0.14433872913993104,4.16121400260488],"Ahadi":[-0.19687313962496036,4.34604437039108],"Wasat":[0.277332818141899,3.420496268058487],"Aludra":[-0.11327186845443199,4.234517831188643],"Gomeisa":[0.2038544566329377,3.6568138487785196],"Hadir":[-0.20786871391252465,4.463505029050299],"Castor B":[0.3923500158483253,3.271445149938171],"Castor A":[0.3923500158483253,3.271445149938171],"Jishui":[0.42289327775822605,3.2283355174139112],"Procyon, Procyon A":[0.22741640153486112,3.7295940785866826],"Pollux":[0.40858157789187255,3.3550464211086997],"Asmidiske, Azmidi, Azmidiske":[0.009948376736367677,4.214272011865508],"Naos":[-0.08220500776893293,4.467693819255085],"Tureis":[0.07679448708775051,4.243768076224212],"Regor":[-0.13421581947836395,4.586725274241099],"Altarf, Tarf":[0.40229839258469297,3.739367922397851],"Piautos":[0.5164429256651221,3.4789647980002973],"Alsciaukat":[0.5993460651348528,3.096039560112741],"Muscida":[0.618370153981591,2.7221900343355556],"Minchir":[0.4417428336797648,3.8870227771165715],"Meleph":[0.56635934227216,3.5964254566595155],"Asellus Borealis":[0.5886995566976873,3.5634387337968225],"Asellus Australis":[0.5742133239061344,3.6306339099986045],"Ashlesha":[0.4979424355939822,3.8522907250018843],"Alsephina":[-0.12863076587198208,4.748691828826171],"Copernicus":[0.6581636609270617,3.434633434999641],"Talitha":[0.7127924665144842,2.9934142000954744],"Acubens":[0.5850343652684993,3.7788123634929227],"Alkaphrah":[0.7265805676052395,3.012961887717811],"Nahn":[0.6920230484157517,3.592934798155527],"Suhail":[0.04921828490624009,4.64152861275372],"Miaplacidus":[-0.2515019452123829,4.991292594853384],"Aspidiske":[-0.1223475805648025,4.86004383510341],"HD 80951AB":[-0.30700341542580256,5.065643620988342],"Intercrus":[0.8040731863937877,3.040712622824521],"Alphard":[0.5070181477043527,4.214795610641106],"Alterf":[0.7829547024446563,3.6074210309470796],"Ukdah":[0.6279694648675597,4.12752914804139],"Subra":[0.7340854833888151,3.920009499979264],"Zhang":[0.5138249317871306,4.384790679785354],